,tiempo,hilos
0,0.14731884002685547,1
1,0.13316583633422852,1
2,0.1465015411376953,1
3,0.11561989784240723,2
4,0.1022031307220459,2
5,0.10750031471252441,2
6,0.14715933799743652,3
7,0.13316583633422852,3
8,0.14731884002685547,3
9,0.15350580215454102,4
10,0.16234660148620605,4
11,0.16734552383422852,4
