Paginas,Rank
canela,0.023901098402323896
sopitas,0.07338770424836602
medium,0.06674867919389978
laptop,0.01532182734204793
vine,0.052208646514161225
google,0.11061746096586784
mentiras,0.05281151506899056
twitter,0.1062102532679739
benshorts,0.023339596949891062
elbananero,0.07460091684822077
hackernews,0.04191845497458243
wired,0.03255274146695715
theverge,0.04606515522875817
techcrunch,0.03139945533769063
comino,0.03749095860566449
youtube,0.10211062091503269
facebook,0.1093149146695715
